Date,Close
12/31/1999 16:00:00,91.38
1/7/2000 16:00:00,87.99
1/14/2000 16:00:00,92.75
1/21/2000 16:00:00,96.25
1/28/2000 16:00:00,85.94
2/4/2000 16:00:00,96.91
2/11/2000 16:00:00,98.95
2/18/2000 16:00:00,98.87
2/25/2000 16:00:00,104.46
3/3/2000 16:00:00,111.13
3/10/2000 16:00:00,114.63
3/17/2000 16:00:00,110.94
3/24/2000 16:00:00,118
3/31/2000 16:00:00,109.63
4/7/2000 16:00:00,106.94
4/14/2000 16:00:00,79.5
4/20/2000 16:00:00,87.63
4/28/2000 16:00:00,93.88
5/5/2000 16:00:00,91.5
5/12/2000 16:00:00,84.88
5/19/2000 16:00:00,81.38
5/26/2000 16:00:00,77.88
6/2/2000 16:00:00,93.63
6/9/2000 16:00:00,93.5
6/16/2000 16:00:00,94.17
6/23/2000 16:00:00,91.64
6/30/2000 16:00:00,93.19
7/7/2000 16:00:00,95.41
7/14/2000 16:00:00,98.94
7/21/2000 16:00:00,97.31
7/28/2000 16:00:00,86.81
8/4/2000 16:00:00,90
8/11/2000 16:00:00,90.88
8/18/2000 16:00:00,95.14
8/25/2000 16:00:00,98.38
9/1/2000 16:00:00,102.5
9/8/2000 16:00:00,94.88
9/15/2000 16:00:00,91.38
9/22/2000 16:00:00,92.94
9/29/2000 16:00:00,88.69
10/6/2000 16:00:00,83
10/13/2000 16:00:00,80.75
10/20/2000 16:00:00,86.31
10/27/2000 16:00:00,79.72
11/3/2000 16:00:00,83.06
11/10/2000 16:00:00,71.75
11/17/2000 16:00:00,72.83
11/24/2000 16:00:00,70.44
12/1/2000 16:00:00,64
12/8/2000 16:00:00,68
12/15/2000 16:00:00,63.88
12/22/2000 16:00:00,60.5
12/29/2000 16:00:00,58.38
1/5/2001 16:00:00,56.63
1/12/2001 16:00:00,62.73
1/19/2001 16:00:00,66.38
1/26/2001 16:00:00,65.55
2/2/2001 16:00:00,61.55
2/9/2001 16:00:00,56.4
2/16/2001 16:00:00,55.13
2/23/2001 16:00:00,51.18
3/2/2001 16:00:00,46.65
3/9/2001 16:00:00,45.1
3/16/2001 16:00:00,41.1
3/23/2001 16:00:00,42.8
3/30/2001 16:00:00,39.15
4/6/2001 16:00:00,36.3
4/12/2001 16:00:00,42.8
4/20/2001 16:00:00,48.4
4/27/2001 16:00:00,45.15
5/4/2001 16:00:00,48.2
5/11/2001 16:00:00,45.55
5/18/2001 16:00:00,48.04
5/25/2001 16:00:00,48.99
6/1/2001 16:00:00,46.05
6/8/2001 16:00:00,47.35
6/15/2001 16:00:00,42.6
6/22/2001 16:00:00,43.25
6/29/2001 16:00:00,45.7
7/6/2001 16:00:00,41.65
7/13/2001 16:00:00,43.7
7/20/2001 16:00:00,41.65
7/27/2001 16:00:00,41.95
8/3/2001 16:00:00,43.18
8/10/2001 16:00:00,40.28
8/17/2001 16:00:00,37.76
8/24/2001 16:00:00,39.3
8/31/2001 16:00:00,36.63
9/7/2001 16:00:00,33.7
9/10/2001 16:00:00,34.1
9/21/2001 16:00:00,28.19
9/28/2001 16:00:00,28.98
10/5/2001 16:00:00,31.77
10/12/2001 16:00:00,34.55
10/19/2001 16:00:00,33.55
10/26/2001 16:00:00,36.01
11/2/2001 16:00:00,35.6
11/9/2001 16:00:00,37.73
11/16/2001 16:00:00,39.37
11/23/2001 16:00:00,39.28
11/30/2001 16:00:00,39.65
12/7/2001 16:00:00,41.73
12/14/2001 16:00:00,40.11
12/21/2001 16:00:00,39.48
12/28/2001 16:00:00,40.33
1/4/2002 16:00:00,41.67
1/11/2002 16:00:00,40.85
1/18/2002 16:00:00,38.57
1/25/2002 16:00:00,38.83
2/1/2002 16:00:00,38.14
2/8/2002 16:00:00,36.17
2/15/2002 16:00:00,35.78
2/22/2002 16:00:00,33.65
3/1/2002 16:00:00,35.74
3/8/2002 16:00:00,38.67
3/15/2002 16:00:00,37.23
3/22/2002 16:00:00,36.68
3/28/2002 16:00:00,36.06
4/5/2002 16:00:00,34.37
4/12/2002 16:00:00,33.52
4/19/2002 16:00:00,34.46
4/26/2002 16:00:00,31.01
5/3/2002 16:00:00,29.74
5/10/2002 16:00:00,29.56
5/17/2002 16:00:00,32.93
5/24/2002 16:00:00,31.24
5/31/2002 16:00:00,30.04
6/7/2002 16:00:00,28.3
6/14/2002 16:00:00,27.62
6/21/2002 16:00:00,25.82
6/28/2002 16:00:00,26.07
7/5/2002 16:00:00,25.5
7/12/2002 16:00:00,24.8
7/19/2002 16:00:00,23.99
7/26/2002 16:00:00,22.67
8/2/2002 16:00:00,22.25
8/9/2002 16:00:00,23.33
8/16/2002 16:00:00,24.7
8/23/2002 16:00:00,25.15
8/30/2002 16:00:00,23.49
9/6/2002 16:00:00,22.85
9/13/2002 16:00:00,22.99
9/20/2002 16:00:00,21.67
9/27/2002 16:00:00,21.31
10/4/2002 16:00:00,20.35
10/11/2002 16:00:00,22.22
10/18/2002 16:00:00,23.81
10/25/2002 16:00:00,24.62
11/1/2002 16:00:00,25.25
11/8/2002 16:00:00,25.07
11/15/2002 16:00:00,26.44
11/22/2002 16:00:00,27.72
11/29/2002 16:00:00,27.72
12/6/2002 16:00:00,26.2
12/13/2002 16:00:00,25.04
12/20/2002 16:00:00,25.32
12/27/2002 16:00:00,24.82
1/3/2003 16:00:00,25.68
1/10/2003 16:00:00,27.1
1/17/2003 16:00:00,25.31
1/24/2003 16:00:00,24.82
1/31/2003 16:00:00,24.44
2/7/2003 16:00:00,23.81
2/14/2003 16:00:00,24.49
2/21/2003 16:00:00,25.17
2/28/2003 16:00:00,25.16
3/7/2003 16:00:00,24.54
3/14/2003 16:00:00,25.72
3/21/2003 16:00:00,27.17
3/28/2003 16:00:00,26.08
4/4/2003 16:00:00,26.05
4/11/2003 16:00:00,25.51
4/17/2003 16:00:00,26.82
4/25/2003 16:00:00,26.95
5/2/2003 16:00:00,28.28
5/9/2003 16:00:00,28.41
5/16/2003 16:00:00,28.7
5/23/2003 16:00:00,28.1
5/30/2003 16:00:00,29.79
6/6/2003 16:00:00,30.13
6/13/2003 16:00:00,29.96
6/20/2003 16:00:00,30.38
6/27/2003 16:00:00,29.83
7/3/2003 16:00:00,30.58
7/11/2003 16:00:00,31.84
7/18/2003 16:00:00,31.28
7/25/2003 16:00:00,31.8
8/1/2003 16:00:00,31.46
8/8/2003 16:00:00,30.07
8/15/2003 16:00:00,31.17
8/22/2003 16:00:00,32.44
8/29/2003 16:00:00,33.39
9/5/2003 16:00:00,33.94
9/12/2003 16:00:00,33.82
9/19/2003 16:00:00,34.58
9/26/2003 16:00:00,32.58
10/3/2003 16:00:00,34.19
10/10/2003 16:00:00,35.01
10/17/2003 16:00:00,34.61
10/24/2003 16:00:00,34.2
10/31/2003 16:00:00,35.18
11/7/2003 16:00:00,35.63
11/14/2003 16:00:00,35.04
11/21/2003 16:00:00,34.23
11/28/2003 16:00:00,35.38
12/5/2003 16:00:00,35.04
12/12/2003 16:00:00,35.24
12/19/2003 16:00:00,35.46
12/26/2003 16:00:00,35.85
1/2/2004 16:00:00,36.36
1/9/2004 16:00:00,37.73
1/16/2004 16:00:00,38.57
1/23/2004 16:00:00,38.01
1/30/2004 16:00:00,37.07
2/6/2004 16:00:00,37.13
2/13/2004 16:00:00,36.94
2/20/2004 16:00:00,36.86
2/27/2004 16:00:00,36.57
3/5/2004 16:00:00,36.63
3/12/2004 16:00:00,35.51
3/19/2004 16:00:00,34.75
3/26/2004 16:00:00,35.22
4/2/2004 16:00:00,37.1
4/8/2004 16:00:00,36.94
4/16/2004 16:00:00,36.09
4/23/2004 16:00:00,37.08
4/30/2004 16:00:00,34.77
5/7/2004 16:00:00,34.97
5/14/2004 16:00:00,34.75
5/21/2004 16:00:00,35.02
5/28/2004 16:00:00,36.55
6/4/2004 16:00:00,36.19
6/10/2004 16:00:00,36.8
6/18/2004 16:00:00,36.44
6/25/2004 16:00:00,37.33
7/2/2004 16:00:00,36.82
7/9/2004 16:00:00,35.75
7/16/2004 16:00:00,34.67
7/23/2004 16:00:00,34.21
7/30/2004 16:00:00,34.89
8/6/2004 16:00:00,32.72
8/13/2004 16:00:00,32.52
8/20/2004 16:00:00,34.01
8/27/2004 16:00:00,34.56
9/3/2004 16:00:00,34.14
9/10/2004 16:00:00,35.12
9/17/2004 16:00:00,35.43
9/24/2004 16:00:00,34.8
10/1/2004 16:00:00,36.1
10/8/2004 16:00:00,35.58
10/15/2004 16:00:00,35.63
10/22/2004 16:00:00,35.8
10/29/2004 16:00:00,36.9
11/5/2004 16:00:00,37.96
11/12/2004 16:00:00,38.66
11/19/2004 16:00:00,38.68
11/26/2004 16:00:00,39.21
12/3/2004 16:00:00,40.13
12/10/2004 16:00:00,39.93
12/17/2004 16:00:00,39.47
12/23/2004 16:00:00,39.76
12/31/2004 16:00:00,39.92
1/7/2005 16:00:00,38.55
1/14/2005 16:00:00,38.43
1/21/2005 16:00:00,37.05
1/28/2005 16:00:00,36.92
2/4/2005 16:00:00,37.75
2/11/2005 16:00:00,37.7
2/18/2005 16:00:00,37.35
2/25/2005 16:00:00,37.62
3/4/2005 16:00:00,37.52
3/11/2005 16:00:00,37.17
3/18/2005 16:00:00,36.51
3/24/2005 16:00:00,36.27
4/1/2005 16:00:00,36.2
4/8/2005 16:00:00,36.64
4/15/2005 16:00:00,34.74
4/22/2005 16:00:00,35.09
4/29/2005 16:00:00,34.98
5/6/2005 16:00:00,35.86
5/13/2005 16:00:00,36.24
5/20/2005 16:00:00,37.66
5/27/2005 16:00:00,38.21
6/3/2005 16:00:00,38.1
6/10/2005 16:00:00,37.55
6/17/2005 16:00:00,37.87
6/24/2005 16:00:00,36.97
7/1/2005 16:00:00,36.72
7/8/2005 16:00:00,37.77
7/15/2005 16:00:00,38.89
7/22/2005 16:00:00,39.42
7/29/2005 16:00:00,39.58
8/5/2005 16:00:00,39.48
8/12/2005 16:00:00,39.21
8/19/2005 16:00:00,38.82
8/26/2005 16:00:00,38.46
9/2/2005 16:00:00,38.77
9/9/2005 16:00:00,39.62
9/16/2005 16:00:00,39.4
9/23/2005 16:00:00,38.75
9/30/2005 16:00:00,39.46
10/7/2005 16:00:00,38.34
10/14/2005 16:00:00,38.06
10/21/2005 16:00:00,38.55
10/28/2005 16:00:00,38.32
11/4/2005 16:00:00,40.08
11/11/2005 16:00:00,40.71
11/18/2005 16:00:00,41.45
11/23/2005 16:00:00,41.8
12/2/2005 16:00:00,42.11
12/9/2005 16:00:00,41.72
12/16/2005 16:00:00,41.58
12/23/2005 16:00:00,41.4
12/30/2005 16:00:00,40.41
1/6/2006 16:00:00,42.68
1/13/2006 16:00:00,42.98
1/20/2006 16:00:00,41.25
1/27/2006 16:00:00,42.11
2/3/2006 16:00:00,40.92
2/10/2006 16:00:00,40.96
2/17/2006 16:00:00,41.21
2/24/2006 16:00:00,41.26
3/3/2006 16:00:00,41.45
3/10/2006 16:00:00,40.56
3/17/2006 16:00:00,41.45
3/24/2006 16:00:00,41.3
3/31/2006 16:00:00,41.93
4/7/2006 16:00:00,42.32
4/13/2006 16:00:00,42.1
4/21/2006 16:00:00,42
4/28/2006 16:00:00,41.85
5/5/2006 16:00:00,42.16
5/12/2006 16:00:00,40.19
5/19/2006 16:00:00,39.35
5/26/2006 16:00:00,39.49
6/2/2006 16:00:00,39.64
6/9/2006 16:00:00,38.15
6/16/2006 16:00:00,38.34
6/23/2006 16:00:00,38.15
6/30/2006 16:00:00,38.77
7/7/2006 16:00:00,37.69
7/14/2006 16:00:00,35.94
7/21/2006 16:00:00,35.7
7/28/2006 16:00:00,37.11
8/4/2006 16:00:00,36.95
8/11/2006 16:00:00,36.53
8/18/2006 16:00:00,38.79
8/25/2006 16:00:00,38.32
9/1/2006 16:00:00,39.08
9/8/2006 16:00:00,38.72
9/15/2006 16:00:00,40.11
9/22/2006 16:00:00,39.87
9/29/2006 16:00:00,40.65
10/6/2006 16:00:00,41.41
10/13/2006 16:00:00,42.43
10/20/2006 16:00:00,42
10/27/2006 16:00:00,42.21
11/3/2006 16:00:00,41.93
11/10/2006 16:00:00,43.03
11/17/2006 16:00:00,44.3
11/22/2006 16:00:00,44.73
12/1/2006 16:00:00,43.66
12/8/2006 16:00:00,43.9
12/15/2006 16:00:00,44.43
12/22/2006 16:00:00,42.93
12/29/2006 16:00:00,43.16
1/5/2007 16:00:00,43.85
1/12/2007 16:00:00,45.31
1/19/2007 16:00:00,44.17
1/26/2007 16:00:00,43.57
2/2/2007 16:00:00,44.16
2/9/2007 16:00:00,43.84
2/16/2007 16:00:00,44.71
2/23/2007 16:00:00,45.26
3/2/2007 16:00:00,42.48
3/9/2007 16:00:00,42.98
3/16/2007 16:00:00,42.83
3/23/2007 16:00:00,44.12
3/30/2007 16:00:00,43.53
4/4/2007 16:00:00,44.34
4/13/2007 16:00:00,44.65
4/20/2007 16:00:00,45.4
4/27/2007 16:00:00,46.57
5/4/2007 16:00:00,46.63
5/11/2007 16:00:00,46.78
5/18/2007 16:00:00,46.71
5/25/2007 16:00:00,46.45
6/1/2007 16:00:00,47.44
6/8/2007 16:00:00,46.91
6/15/2007 16:00:00,47.73
6/22/2007 16:00:00,47.29
6/29/2007 16:00:00,47.6
7/6/2007 16:00:00,48.86
7/13/2007 16:00:00,49.9
7/20/2007 16:00:00,50.05
7/27/2007 16:00:00,47.99
8/3/2007 16:00:00,47.42
8/10/2007 16:00:00,47.28
8/17/2007 16:00:00,46.31
8/24/2007 16:00:00,48.2
8/31/2007 16:00:00,48.87
9/7/2007 16:00:00,48.23
9/14/2007 16:00:00,49.22
9/21/2007 16:00:00,50.36
9/28/2007 16:00:00,51.41
10/5/2007 16:00:00,52.82
10/12/2007 16:00:00,53.53
10/19/2007 16:00:00,52.44
10/26/2007 16:00:00,53.93
11/2/2007 16:00:00,54.42
11/9/2007 16:00:00,50
11/16/2007 16:00:00,50.28
11/21/2007 16:00:00,49.31
11/30/2007 16:00:00,51.31
12/7/2007 16:00:00,52.33
12/14/2007 16:00:00,50.97
12/21/2007 16:00:00,51.85
12/28/2007 16:00:00,51.86
1/4/2008 16:00:00,48.4
1/11/2008 16:00:00,47.05
1/18/2008 16:00:00,45.35
1/25/2008 16:00:00,43.99
2/1/2008 16:00:00,45.59
2/8/2008 16:00:00,43.6
2/15/2008 16:00:00,43.82
2/22/2008 16:00:00,43.68
2/29/2008 16:00:00,42.95
3/7/2008 16:00:00,42.07
3/14/2008 16:00:00,42.25
3/20/2008 16:00:00,43.09
3/28/2008 16:00:00,43.49
4/4/2008 16:00:00,45.86
4/11/2008 16:00:00,44.28
4/18/2008 16:00:00,46.71
4/25/2008 16:00:00,47.15
5/2/2008 16:00:00,48.77
5/9/2008 16:00:00,48.21
5/16/2008 16:00:00,50.01
5/23/2008 16:00:00,48.2
5/30/2008 16:00:00,50.01
6/6/2008 16:00:00,49.03
6/13/2008 16:00:00,48.37
6/20/2008 16:00:00,47.42
6/27/2008 16:00:00,45.65
7/2/2008 16:00:00,44.71
7/11/2008 16:00:00,44.56
7/18/2008 16:00:00,44.59
7/25/2008 16:00:00,45.27
8/1/2008 16:00:00,44.88
8/8/2008 16:00:00,47.32
8/15/2008 16:00:00,48.16
8/21/2008 16:00:00,46.87
8/29/2008 16:00:00,46.12
9/5/2008 16:00:00,43.45
9/12/2008 16:00:00,43.43
9/19/2008 16:00:00,42.9
9/26/2008 16:00:00,41.08
10/3/2008 16:00:00,36.18
10/10/2008 16:00:00,31.32
10/17/2008 16:00:00,32.3
10/24/2008 16:00:00,29.51
10/31/2008 16:00:00,32.89
11/7/2008 16:00:00,31.19
11/14/2008 16:00:00,28.98
11/21/2008 16:00:00,26.67
11/26/2008 16:00:00,29.35
12/5/2008 16:00:00,28.94
12/12/2008 16:00:00,29.68
12/19/2008 16:00:00,29.86
12/26/2008 16:00:00,29.13
1/2/2009 16:00:00,31.03
1/9/2009 16:00:00,30.07
1/16/2009 16:00:00,29.42
1/23/2009 16:00:00,28.9
1/30/2009 16:00:00,29.06
2/6/2009 16:00:00,31.37
2/13/2009 16:00:00,30.43
2/20/2009 16:00:00,28.87
2/27/2009 16:00:00,27.53
3/6/2009 16:00:00,26.3
3/13/2009 16:00:00,28.74
3/20/2009 16:00:00,29.18
3/27/2009 16:00:00,30.82
4/3/2009 16:00:00,32.35
4/9/2009 16:00:00,32.94
4/17/2009 16:00:00,33.31
4/24/2009 16:00:00,33.69
5/1/2009 16:00:00,34.37
5/8/2009 16:00:00,34.23
5/15/2009 16:00:00,33.37
5/22/2009 16:00:00,33.54
5/29/2009 16:00:00,35.38
6/5/2009 16:00:00,36.78
6/12/2009 16:00:00,36.65
6/19/2009 16:00:00,36.16
6/26/2009 16:00:00,36.37
7/2/2009 16:00:00,35.6
7/10/2009 16:00:00,34.92
7/17/2009 16:00:00,37.56
7/24/2009 16:00:00,39.05
7/31/2009 16:00:00,39.45
8/7/2009 16:00:00,39.88
8/14/2009 16:00:00,39.63
8/21/2009 16:00:00,40.29
8/28/2009 16:00:00,40.44
9/4/2009 16:00:00,40.36
9/11/2009 16:00:00,41.52
9/18/2009 16:00:00,42.44
9/25/2009 16:00:00,41.7
10/2/2009 16:00:00,40.88
10/9/2009 16:00:00,42.48
10/16/2009 16:00:00,42.78
10/23/2009 16:00:00,43.13
10/30/2009 16:00:00,40.96
11/6/2009 16:00:00,42.6
11/13/2009 16:00:00,44.01
11/20/2009 16:00:00,43.44
11/27/2009 16:00:00,43.51
12/4/2009 16:00:00,44.12
12/11/2009 16:00:00,44.13
12/18/2009 16:00:00,44.46
12/24/2009 16:00:00,45.98
12/31/2009 16:00:00,45.75
1/8/2010 16:00:00,46.55
1/15/2010 16:00:00,45.85
1/22/2010 16:00:00,44.16
1/29/2010 16:00:00,42.79
2/5/2010 16:00:00,42.98
2/12/2010 16:00:00,43.76
2/19/2010 16:00:00,44.83
2/26/2010 16:00:00,44.76
3/5/2010 16:00:00,46.44
3/12/2010 16:00:00,47.36
3/19/2010 16:00:00,47.49
3/26/2010 16:00:00,48
4/1/2010 16:00:00,48.16
4/9/2010 16:00:00,49.03
4/16/2010 16:00:00,49.53
4/23/2010 16:00:00,50.52
4/30/2010 16:00:00,49.24
5/7/2010 16:00:00,45.41
5/14/2010 16:00:00,46.93
5/21/2010 16:00:00,44.84
5/28/2010 16:00:00,45.6
6/4/2010 16:00:00,45.09
6/11/2010 16:00:00,45.5
6/18/2010 16:00:00,47
6/25/2010 16:00:00,45.27
7/2/2010 16:00:00,42.47
7/9/2010 16:00:00,44.62
7/16/2010 16:00:00,44.34
7/23/2010 16:00:00,46.06
7/30/2010 16:00:00,45.81
8/6/2010 16:00:00,46.76
8/13/2010 16:00:00,44.72
8/20/2010 16:00:00,44.92
8/27/2010 16:00:00,44.07
9/3/2010 16:00:00,46.01
9/10/2010 16:00:00,46.6
9/17/2010 16:00:00,48
9/24/2010 16:00:00,49.66
10/1/2010 16:00:00,49.01
10/8/2010 16:00:00,49.75
10/15/2010 16:00:00,51.49
10/22/2010 16:00:00,51.64
10/29/2010 16:00:00,52.18
11/5/2010 16:00:00,53.67
11/12/2010 16:00:00,52.51
11/19/2010 16:00:00,52.47
11/26/2010 16:00:00,52.77
12/3/2010 16:00:00,53.87
12/10/2010 16:00:00,54.5
12/17/2010 16:00:00,54.52
12/23/2010 16:00:00,54.74
12/31/2010 16:00:00,54.46
1/7/2011 16:00:00,55.87
1/14/2011 16:00:00,57
1/21/2011 16:00:00,55.68
1/28/2011 16:00:00,55.73
2/4/2011 16:00:00,57.38
2/11/2011 16:00:00,58.44
2/18/2011 16:00:00,58.73
2/25/2011 16:00:00,57.65
3/4/2011 16:00:00,57.97
3/11/2011 16:00:00,56.49
3/18/2011 16:00:00,54.45
3/25/2011 16:00:00,56.84
4/1/2011 16:00:00,57.46
4/8/2011 16:00:00,56.95
4/15/2011 16:00:00,56.65
4/21/2011 16:00:00,58.34
4/29/2011 16:00:00,59.08
5/6/2011 16:00:00,58.47
5/13/2011 16:00:00,58.41
5/20/2011 16:00:00,57.77
5/27/2011 16:00:00,57.43
6/3/2011 16:00:00,56.35
6/10/2011 16:00:00,54.64
6/17/2011 16:00:00,53.79
6/24/2011 16:00:00,54.38
7/1/2011 16:00:00,57.91
7/8/2011 16:00:00,59.03
7/15/2011 16:00:00,57.85
7/22/2011 16:00:00,59.6
7/29/2011 16:00:00,58
8/5/2011 16:00:00,53.83
8/12/2011 16:00:00,53.57
8/19/2011 16:00:00,50.03
8/26/2011 16:00:00,53.13
9/2/2011 16:00:00,53.28
9/9/2011 16:00:00,53.18
9/16/2011 16:00:00,56.59
9/23/2011 16:00:00,54.15
9/30/2011 16:00:00,52.49
10/7/2011 16:00:00,54.07
10/14/2011 16:00:00,58.18
10/21/2011 16:00:00,57.3
10/28/2011 16:00:00,58.94
11/4/2011 16:00:00,57.8
11/11/2011 16:00:00,57.85
11/18/2011 16:00:00,55.4
11/25/2011 16:00:00,52.88
12/2/2011 16:00:00,56.62
12/9/2011 16:00:00,57.02
12/16/2011 16:00:00,54.86
12/23/2011 16:00:00,56.08
12/30/2011 16:00:00,55.83
1/6/2012 16:00:00,57.81
1/13/2012 16:00:00,58.18
1/20/2012 16:00:00,59.77
1/27/2012 16:00:00,60.4
2/3/2012 16:00:00,62.05
2/10/2012 16:00:00,62.47
2/17/2012 16:00:00,63.43
2/24/2012 16:00:00,63.96
3/2/2012 16:00:00,64.87
3/9/2012 16:00:00,65.02
3/16/2012 16:00:00,66.52
3/23/2012 16:00:00,66.94
3/30/2012 16:00:00,67.55
4/5/2012 16:00:00,67.72
4/13/2012 16:00:00,66.19
4/20/2012 16:00:00,65.68
4/27/2012 16:00:00,67.24
5/4/2012 16:00:00,64.7
5/11/2012 16:00:00,64.18
5/18/2012 16:00:00,60.81
5/25/2012 16:00:00,62.07
6/1/2012 16:00:00,60.41
6/8/2012 16:00:00,62.87
6/15/2012 16:00:00,62.99
6/22/2012 16:00:00,63.35
6/29/2012 16:00:00,64.16
7/6/2012 16:00:00,64.12
7/13/2012 16:00:00,63.38
7/20/2012 16:00:00,64.24
7/27/2012 16:00:00,64.87
8/3/2012 16:00:00,65.6
8/10/2012 16:00:00,66.86
8/17/2012 16:00:00,68.32
8/24/2012 16:00:00,68.29
8/31/2012 16:00:00,68.16
9/7/2012 16:00:00,69.43
9/14/2012 16:00:00,70.18
9/21/2012 16:00:00,70.15
9/28/2012 16:00:00,68.57
10/5/2012 16:00:00,68.98
10/12/2012 16:00:00,66.68
10/19/2012 16:00:00,65.68
10/26/2012 16:00:00,65.35
11/2/2012 16:00:00,65.17
11/9/2012 16:00:00,63.43
11/16/2012 16:00:00,62.3
11/23/2012 16:00:00,64.9
11/30/2012 16:00:00,65.8
12/7/2012 16:00:00,64.93
12/14/2012 16:00:00,64.69
12/21/2012 16:00:00,65.2
12/28/2012 16:00:00,63.78
1/4/2013 16:00:00,66.63
1/11/2013 16:00:00,67.26
1/18/2013 16:00:00,67.07
1/25/2013 16:00:00,67
2/1/2013 16:00:00,67.66
2/8/2013 16:00:00,67.99
2/15/2013 16:00:00,67.75
2/22/2013 16:00:00,67.14
3/1/2013 16:00:00,67.38
3/8/2013 16:00:00,68.77
3/15/2013 16:00:00,68.51
3/22/2013 16:00:00,68.59
3/28/2013 16:00:00,68.97
4/5/2013 16:00:00,67.86
4/12/2013 16:00:00,69.94
4/19/2013 16:00:00,68.09
4/26/2013 16:00:00,69.57
5/3/2013 16:00:00,72.12
5/10/2013 16:00:00,73.05
5/17/2013 16:00:00,74.3
5/24/2013 16:00:00,73.41
5/31/2013 16:00:00,73.25
6/7/2013 16:00:00,73.39
6/14/2013 16:00:00,72.28
6/21/2013 16:00:00,70.43
6/28/2013 16:00:00,71.27
7/5/2013 16:00:00,72.58
7/12/2013 16:00:00,75.3
7/19/2013 16:00:00,74.59
7/26/2013 16:00:00,75.37
8/2/2013 16:00:00,76.97
8/9/2013 16:00:00,76.49
8/16/2013 16:00:00,75.49
8/23/2013 16:00:00,76.67
8/30/2013 16:00:00,75.47
9/6/2013 16:00:00,76.93
9/13/2013 16:00:00,78.06
9/20/2013 16:00:00,78.99
9/27/2013 16:00:00,79.07
10/4/2013 16:00:00,79.4
10/11/2013 16:00:00,79.23
10/18/2013 16:00:00,82.15
10/25/2013 16:00:00,82.9
11/1/2013 16:00:00,82.81
11/8/2013 16:00:00,82.54
11/15/2013 16:00:00,83.96
11/22/2013 16:00:00,83.99
11/29/2013 16:00:00,85.73
12/6/2013 16:00:00,86
12/13/2013 16:00:00,84.85
12/20/2013 16:00:00,86.5
12/27/2013 16:00:00,87.52
1/3/2014 16:00:00,86.64
1/10/2014 16:00:00,87.3
1/17/2014 16:00:00,87.88
1/24/2014 16:00:00,86.74
1/31/2014 16:00:00,86.27
2/7/2014 16:00:00,87.3
2/14/2014 16:00:00,89.81
2/21/2014 16:00:00,89.93
2/28/2014 16:00:00,90.34
3/7/2014 16:00:00,90.53
3/14/2014 16:00:00,88.67
3/21/2014 16:00:00,89
3/28/2014 16:00:00,87.05
4/4/2014 16:00:00,86.37
4/11/2014 16:00:00,84.11
4/17/2014 16:00:00,86.2
4/25/2014 16:00:00,86.19
5/2/2014 16:00:00,87.49
5/9/2014 16:00:00,86.8
5/16/2014 16:00:00,87.71
5/23/2014 16:00:00,89.88
5/30/2014 16:00:00,91.31
6/6/2014 16:00:00,92.82
6/13/2014 16:00:00,92.32
6/20/2014 16:00:00,92.77
6/27/2014 16:00:00,93.75
7/3/2014 16:00:00,95.7
7/11/2014 16:00:00,95.27
7/18/2014 16:00:00,96.12
7/25/2014 16:00:00,96.74
8/1/2014 16:00:00,94.67
8/8/2014 16:00:00,94.9
8/15/2014 16:00:00,97.4
8/22/2014 16:00:00,99.05
8/29/2014 16:00:00,99.78
9/5/2014 16:00:00,99.89
9/12/2014 16:00:00,99.48
9/19/2014 16:00:00,99.98
9/26/2014 16:00:00,98.78
10/3/2014 16:00:00,98.17
10/10/2014 16:00:00,94.44
10/17/2014 16:00:00,93
10/24/2014 16:00:00,98.62
10/31/2014 16:00:00,101.4
11/7/2014 16:00:00,101.6
11/14/2014 16:00:00,103.22
11/21/2014 16:00:00,103.87
11/28/2014 16:00:00,106.01
12/5/2014 16:00:00,105.38
12/12/2014 16:00:00,102.67
12/19/2014 16:00:00,104.32
12/26/2014 16:00:00,105.04
1/2/2015 16:00:00,102.94
1/9/2015 16:00:00,102.62
1/16/2015 16:00:00,100.82
1/23/2015 16:00:00,104.26
1/30/2015 16:00:00,101.1
2/6/2015 16:00:00,103.13
2/13/2015 16:00:00,106.91
2/20/2015 16:00:00,108.41
2/27/2015 16:00:00,108.4
3/6/2015 16:00:00,107.41
3/13/2015 16:00:00,105.34
3/20/2015 16:00:00,108.53
3/27/2015 16:00:00,105.52
4/2/2015 16:00:00,105.12
4/10/2015 16:00:00,107.75
4/17/2015 16:00:00,106.01
4/24/2015 16:00:00,110.54
5/1/2015 16:00:00,109.05
5/8/2015 16:00:00,108.69
5/15/2015 16:00:00,109.58
5/22/2015 16:00:00,110.47
5/29/2015 16:00:00,110.05
6/5/2015 16:00:00,109.3
6/12/2015 16:00:00,108.75
6/19/2015 16:00:00,109.89
6/26/2015 16:00:00,109.27
7/2/2015 16:00:00,107.95
7/10/2015 16:00:00,107.65
7/17/2015 16:00:00,113.59
7/24/2015 16:00:00,111.1
7/31/2015 16:00:00,111.95
8/7/2015 16:00:00,110.31
8/14/2015 16:00:00,110.51
8/21/2015 16:00:00,102.4
8/28/2015 16:00:00,105.62
9/4/2015 16:00:00,102.16
9/11/2015 16:00:00,105.57
9/18/2015 16:00:00,105.35
9/25/2015 16:00:00,102.92
10/2/2015 16:00:00,104.01
10/9/2015 16:00:00,106.53
10/16/2015 16:00:00,108.12
10/23/2015 16:00:00,112.78
10/30/2015 16:00:00,113.33
11/6/2015 16:00:00,114.79
11/13/2015 16:00:00,109.84
11/20/2015 16:00:00,114.48
11/27/2015 16:00:00,114.31
12/4/2015 16:00:00,115.14
12/11/2015 16:00:00,110.79
12/18/2015 16:00:00,109.83
12/24/2015 16:00:00,112.59
12/31/2015 16:00:00,111.86
1/8/2016 16:00:00,104.01
1/15/2016 16:00:00,100.84
1/22/2016 16:00:00,103.77
1/29/2016 16:00:00,104.13
2/5/2016 16:00:00,98.12
2/12/2016 16:00:00,98.02
2/19/2016 16:00:00,101.63
2/26/2016 16:00:00,103.43
3/4/2016 16:00:00,105.67
3/11/2016 16:00:00,106.49
3/18/2016 16:00:00,107.37
3/24/2016 16:00:00,107.26
4/1/2016 16:00:00,110.36
4/8/2016 16:00:00,109
4/15/2016 16:00:00,110.64
4/22/2016 16:00:00,108.98
4/29/2016 16:00:00,105.72
5/6/2016 16:00:00,105.58
5/13/2016 16:00:00,105.5
5/20/2016 16:00:00,106.47
5/27/2016 16:00:00,110.13
6/3/2016 16:00:00,110.06
6/10/2016 16:00:00,108.94
6/17/2016 16:00:00,106.49
6/24/2016 16:00:00,104.29
7/1/2016 16:00:00,108.08
7/8/2016 16:00:00,110.3
7/15/2016 16:00:00,111.8
7/22/2016 16:00:00,113.65
7/29/2016 16:00:00,115.23
8/5/2016 16:00:00,116.78
8/12/2016 16:00:00,117.2
8/19/2016 16:00:00,117.26
8/26/2016 16:00:00,116.78
9/2/2016 16:00:00,117.12
9/9/2016 16:00:00,114.28
9/16/2016 16:00:00,117.29
9/23/2016 16:00:00,118.33
9/30/2016 16:00:00,118.72
10/7/2016 16:00:00,118.47
10/14/2016 16:00:00,117.14
10/21/2016 16:00:00,118.15
10/28/2016 16:00:00,117.1
11/4/2016 16:00:00,113.65
11/11/2016 16:00:00,115.8
11/18/2016 16:00:00,117.32
11/25/2016 16:00:00,118.8
12/2/2016 16:00:00,115.7
12/9/2016 16:00:00,119.5
12/16/2016 16:00:00,119.6
12/23/2016 16:00:00,120.2
12/30/2016 16:00:00,118.48
1/6/2017 16:00:00,121.93
1/13/2017 16:00:00,123.16
1/20/2017 16:00:00,123.25
1/27/2017 16:00:00,125.8
2/3/2017 16:00:00,125.68
2/10/2017 16:00:00,127.38
2/17/2017 16:00:00,129.81
2/24/2017 16:00:00,130.26
3/3/2017 16:00:00,131.02
3/10/2017 16:00:00,131.39
3/17/2017 16:00:00,131.69
3/24/2017 16:00:00,130.63
3/31/2017 16:00:00,132.38
4/7/2017 16:00:00,131.97
4/13/2017 16:00:00,130.4
4/21/2017 16:00:00,132.56
4/28/2017 16:00:00,135.99
5/5/2017 16:00:00,137.54
5/12/2017 16:00:00,138.6
5/19/2017 16:00:00,137.84
5/26/2017 16:00:00,141.22
6/2/2017 16:00:00,143.46
6/9/2017 16:00:00,139.98
6/16/2017 16:00:00,138.15
6/23/2017 16:00:00,141.24
6/30/2017 16:00:00,137.64
7/7/2017 16:00:00,137.76
7/14/2017 16:00:00,142.12
7/21/2017 16:00:00,144.11
7/28/2017 16:00:00,143.84
8/4/2017 16:00:00,143.65
8/11/2017 16:00:00,142.1
8/18/2017 16:00:00,141.23
8/25/2017 16:00:00,141.97
9/1/2017 16:00:00,146
9/8/2017 16:00:00,144.21
9/15/2017 16:00:00,146.06
9/22/2017 16:00:00,144.32
9/29/2017 16:00:00,145.45
10/6/2017 16:00:00,147.66
10/13/2017 16:00:00,148.34
10/20/2017 16:00:00,148.71
10/27/2017 16:00:00,151.24
11/3/2017 16:00:00,153.27
11/10/2017 16:00:00,153.68
11/17/2017 16:00:00,153.95
11/24/2017 13:00:00,156.26
12/1/2017 16:00:00,154.49
12/8/2017 16:00:00,154.7
12/15/2017 16:00:00,157.65
12/22/2017 16:00:00,157.37
12/29/2017 16:00:00,155.76
1/5/2018 16:00:00,161.92
1/12/2018 16:00:00,164.49
1/19/2018 16:00:00,166.34
1/26/2018 16:00:00,170.93
2/2/2018 16:00:00,164.61
2/9/2018 16:00:00,156.1
2/16/2018 16:00:00,164.96
2/23/2018 16:00:00,168.17
3/2/2018 16:00:00,165.99
3/9/2018 16:00:00,173.16
3/16/2018 16:00:00,171.02
3/23/2018 16:00:00,158.51
3/29/2018 16:00:00,160.13
4/6/2018 16:00:00,156.63
4/13/2018 16:00:00,161.37
4/20/2018 16:00:00,162.3
4/27/2018 16:00:00,162.09
5/4/2018 16:00:00,164.87
5/11/2018 16:00:00,169.46
5/18/2018 16:00:00,167.46
5/25/2018 16:00:00,169.72
6/1/2018 16:00:00,172.74
6/8/2018 16:00:00,174.44
6/15/2018 16:00:00,176.98
6/22/2018 16:00:00,175.32
6/29/2018 16:00:00,171.65
7/6/2018 16:00:00,175.61
7/13/2018 16:00:00,179.61
7/20/2018 16:00:00,178.99
7/27/2018 16:00:00,177.62
8/3/2018 16:00:00,180.08
8/10/2018 16:00:00,180.52
8/17/2018 16:00:00,179.86
8/24/2018 16:00:00,182.48
8/31/2018 16:00:00,186.65
9/7/2018 16:00:00,181.11
9/14/2018 16:00:00,183.99
9/21/2018 16:00:00,183.71
9/28/2018 16:00:00,185.79
10/5/2018 16:00:00,180.15
10/12/2018 16:00:00,174.32
10/19/2018 16:00:00,173.02
10/26/2018 16:00:00,166.66
11/2/2018 16:00:00,169.38
11/9/2018 16:00:00,171.52
11/16/2018 16:00:00,167.5
11/23/2018 13:00:00,159.21
11/30/2018 16:00:00,169.37
12/7/2018 16:00:00,161.38
12/14/2018 16:00:00,161.08
12/21/2018 16:00:00,147.57
12/28/2018 16:00:00,152.97
1/4/2019 16:00:00,156.23
1/11/2019 16:00:00,160.69
1/18/2019 16:00:00,165.25
1/25/2019 16:00:00,165.15
2/1/2019 16:00:00,167.45
2/8/2019 16:00:00,168.56
2/15/2019 16:00:00,171.94
2/22/2019 16:00:00,172.89
3/1/2019 16:00:00,174.39
3/8/2019 16:00:00,171.17
3/15/2019 16:00:00,178.35
3/22/2019 16:00:00,178.56
3/29/2019 16:00:00,179.66
4/5/2019 16:00:00,184.66
4/12/2019 16:00:00,185.83
4/18/2019 16:00:00,187.39
4/26/2019 16:00:00,190.65
5/3/2019 16:00:00,191.11
5/10/2019 16:00:00,185
5/17/2019 16:00:00,183.04
5/24/2019 16:00:00,178.16
5/31/2019 16:00:00,173.95
6/7/2019 16:00:00,181.04
6/14/2019 16:00:00,182.64
6/21/2019 16:00:00,188.57
6/28/2019 16:00:00,186.74
7/5/2019 16:00:00,191.05
7/12/2019 16:00:00,193.53
7/19/2019 16:00:00,191.01
7/26/2019 16:00:00,195.29
8/2/2019 16:00:00,187.35
8/9/2019 16:00:00,186.49
8/16/2019 16:00:00,185.48
8/23/2019 16:00:00,182.07
8/30/2019 16:00:00,187.47
9/6/2019 16:00:00,191.59
9/13/2019 16:00:00,192.54
9/20/2019 16:00:00,190.8
9/27/2019 16:00:00,187.03
10/4/2019 16:00:00,188.81
10/11/2019 16:00:00,191.11
10/18/2019 16:00:00,191.69
10/25/2019 16:00:00,195.64
11/1/2019 16:00:00,198.87
11/8/2019 16:00:00,201.23
11/15/2019 16:00:00,202.91
11/22/2019 16:00:00,201.83
11/29/2019 13:00:00,205.1
12/6/2019 16:00:00,205
12/13/2019 16:00:00,207.19
12/20/2019 16:00:00,211.71
12/27/2019 16:00:00,213.61
1/3/2020 16:00:00,214.18
1/10/2020 16:00:00,218.43
1/17/2020 16:00:00,223.38
1/24/2020 16:00:00,222.7
1/31/2020 16:00:00,219.07
2/7/2020 16:00:00,229.2
2/14/2020 16:00:00,234.64
2/21/2020 16:00:00,230.27
2/28/2020 16:00:00,205.8
3/6/2020 16:00:00,208.02
3/13/2020 16:00:00,192.34
3/20/2020 16:00:00,170.7
3/27/2020 16:00:00,185.3
4/3/2020 16:00:00,183.37
4/9/2020 16:00:00,200.86
4/17/2020 16:00:00,215.29
4/24/2020 16:00:00,213.84
5/1/2020 16:00:00,212.74
5/8/2020 16:00:00,224.86
5/15/2020 16:00:00,223.27
5/22/2020 16:00:00,229.66
5/29/2020 16:00:00,233.36
6/5/2020 16:00:00,239.69
6/12/2020 16:00:00,235.88
6/19/2020 16:00:00,244.24
6/26/2020 16:00:00,240.22
7/2/2020 16:00:00,252.19
7/10/2020 16:00:00,263.97
7/17/2020 16:00:00,259.42
7/24/2020 16:00:00,255.56
7/31/2020 16:00:00,265.79
8/7/2020 16:00:00,271.47
8/14/2020 16:00:00,272.16
8/21/2020 16:00:00,281.87
8/28/2020 16:00:00,292.53
9/4/2020 16:00:00,283.58
9/11/2020 16:00:00,270.45
9/18/2020 16:00:00,266.87
9/25/2020 16:00:00,271.56
10/2/2020 16:00:00,274.31
10/9/2020 16:00:00,285.71
10/16/2020 16:00:00,288.51
10/23/2020 16:00:00,284.74
10/30/2020 16:00:00,269.38
11/6/2020 16:00:00,294.61
11/13/2020 16:00:00,290.93
11/20/2020 16:00:00,290.38
11/27/2020 13:00:00,299.01
12/4/2020 16:00:00,305.52
12/11/2020 16:00:00,301.85
12/18/2020 16:00:00,310.06
12/24/2020 13:00:00,309.56
12/31/2020 16:00:00,313.74
1/8/2021 16:00:00,319.03
1/15/2021 16:00:00,311.86
1/22/2021 16:00:00,325.42
1/29/2021 16:00:00,314.56
2/5/2021 16:00:00,331.36
2/12/2021 16:00:00,336.45
2/19/2021 16:00:00,331.02
2/26/2021 16:00:00,314.14
3/5/2021 16:00:00,308.68
3/12/2021 16:00:00,315.46
3/19/2021 16:00:00,313.14
3/26/2021 16:00:00,316
4/1/2021 16:00:00,324.57
4/9/2021 16:00:00,337.11
4/16/2021 16:00:00,342.01
4/23/2021 16:00:00,339.42
4/30/2021 16:00:00,337.99
5/7/2021 16:00:00,334.2
5/14/2021 16:00:00,326.39
5/21/2021 16:00:00,327.01
5/28/2021 16:00:00,333.93
6/4/2021 16:00:00,335.6
6/11/2021 16:00:00,341.24
6/18/2021 16:00:00,342.63
6/25/2021 16:00:00,349.46
7/2/2021 16:00:00,358.64
7/9/2021 16:00:00,361.01
7/16/2021 16:00:00,357.6
7/23/2021 16:00:00,368.2
7/30/2021 16:00:00,364.57
8/6/2021 16:00:00,368.05
8/13/2021 16:00:00,368.82
8/20/2021 16:00:00,367.73
8/27/2021 16:00:00,376.04
9/3/2021 16:00:00,381.57
9/10/2021 16:00:00,376.59
9/17/2021 16:00:00,373.83
9/24/2021 16:00:00,373.33
10/1/2021 16:00:00,360.18
10/8/2021 16:00:00,361.16
10/15/2021 16:00:00,368.94
10/22/2021 16:00:00,374.1
10/29/2021 16:00:00,386.11
11/5/2021 16:00:00,398.6
11/12/2021 16:00:00,394.7
11/19/2021 16:00:00,403.99
11/26/2021 13:00:00,391.2
12/3/2021 16:00:00,383.13
12/10/2021 16:00:00,398.01
12/17/2021 16:00:00,384.91
12/23/2021 16:00:00,396.92
12/31/2021 16:00:00,397.85
1/7/2022 16:00:00,379.86
1/14/2022 16:00:00,380.01
1/21/2022 16:00:00,351.69
1/28/2022 16:00:00,351.8
2/4/2022 16:00:00,358.01
2/11/2022 16:00:00,347.06
2/18/2022 16:00:00,341.51
2/25/2022 16:00:00,345.77
3/4/2022 16:00:00,337.3
3/11/2022 16:00:00,324.4
3/18/2022 16:00:00,351.49
3/25/2022 16:00:00,359.35
4/1/2022 16:00:00,361.85
4/8/2022 16:00:00,349.15
4/14/2022 16:00:00,338.43
4/22/2022 16:00:00,325.4
4/29/2022 16:00:00,313.25
5/6/2022 16:00:00,309.25
5/13/2022 16:00:00,301.94
5/20/2022 16:00:00,288.68
5/27/2022 16:00:00,309.1
6/3/2022 16:00:00,306.2
6/10/2022 16:00:00,288.84
6/17/2022 16:00:00,274.69
6/24/2022 16:00:00,294.61
7/1/2022 16:00:00,282.13
7/8/2022 16:00:00,295.35
7/15/2022 16:00:00,291.87
7/22/2022 16:00:00,301.99
7/29/2022 16:00:00,315.46
8/5/2022 16:00:00,321.75
8/12/2022 16:00:00,330.39
8/19/2022 16:00:00,322.86
8/26/2022 16:00:00,307.44
9/2/2022 16:00:00,295.17
9/9/2022 16:00:00,307.09
9/16/2022 16:00:00,289.32
9/23/2022 16:00:00,275.51
9/30/2022 16:00:00,267.26
10/7/2022 16:00:00,269.1
10/14/2022 16:00:00,260.74
10/21/2022 16:00:00,275.42
10/28/2022 16:00:00,281.22
11/4/2022 16:00:00,264.68
11/11/2022 16:00:00,287.96
11/18/2022 16:00:00,284.82
11/25/2022 13:05:00,286.92
12/2/2022 16:00:00,292.55
12/9/2022 16:00:00,282.04
12/16/2022 16:00:00,274.25
12/23/2022 16:00:00,267.36
12/30/2022 16:00:00,266.28
1/6/2023 16:00:00,268.8
1/13/2023 16:00:00,280.97
1/20/2023 16:00:00,282.68
1/27/2023 16:00:00,296.26
2/3/2023 16:00:00,306.18
2/10/2023 16:00:00,299.7
2/17/2023 16:00:00,301.16
2/24/2023 16:00:00,291.85
3/3/2023 16:00:00,299.68
3/10/2023 16:00:00,288.55
3/17/2023 16:00:00,305.36
3/24/2023 16:00:00,310.89
3/31/2023 16:00:00,320.93
4/6/2023 16:00:00,318.05
4/14/2023 16:00:00,318.57
4/21/2023 16:00:00,316.61
4/28/2023 16:00:00,322.56
5/5/2023 16:00:00,322.89
5/12/2023 16:00:00,325.03
5/19/2023 16:00:00,336.51
5/26/2023 16:00:00,348.4
6/2/2023 16:00:00,354.65
6/9/2023 16:00:00,354.5
6/16/2023 16:00:00,367.93
6/23/2023 16:00:00,362.54
6/30/2023 16:00:00,369.42
7/7/2023 16:00:00,366.24
7/14/2023 16:00:00,379.07
7/21/2023 16:00:00,375.63
7/28/2023 16:00:00,383.48
8/4/2023 16:00:00,372.04
8/11/2023 16:00:00,366.24
8/18/2023 16:00:00,358.13
8/25/2023 16:00:00,364.02
9/1/2023 16:00:00,377.59
9/8/2023 16:00:00,372.58
9/15/2023 16:00:00,370.81
9/22/2023 16:00:00,357.91
9/29/2023 16:00:00,358.27
10/6/2023 16:00:00,364.7
10/13/2023 16:00:00,365.28
10/20/2023 16:00:00,354.6
10/27/2023 16:00:00,345.31
11/3/2023 16:00:00,367.71
11/10/2023 16:00:00,378.39
11/17/2023 16:00:00,386.04
11/24/2023 13:05:00,389.51
12/1/2023 16:00:00,389.94
12/8/2023 16:00:00,392.17
12/15/2023 16:00:00,405.34
12/22/2023 16:00:00,408.38
12/29/2023 16:00:00,409.52
